state,election_date,election_stage,poll_duration_hours,voter_id_strictness,registration_deadline,registration_gap_days,absentee_ballot_mailed_days_before_edate,absentee_application_deadline_days_before_edate,early_voting_duration_days,has_early_voting,all_mail_elections,no_excuse_absentee,online_registration,same_day_registration,has_edate_registration,universal_vote_by_mail,absentee_excuse_required,absentee_application_online,absentee_application_by_email,permanent_absentee_voting_any_voter,permanent_absentee_voting_senior_voters,absentee_verification_copy_of_id_required,absentee_ballots_can_be_received_after_edate,because_covid_absentee_requirements_suspended,permanent_absentee_voting_voters_with_permanent_disabilities,absentee_verification_notary_or_witness_signatures_on_return_envelope_required,absentee_ballots_can_be_received_after_edate_but_must_be_postmarked_before_edate,voter_id_required,absentee_received_deadline,absentee_received_deadline_gap
AK,20201103,general,13,2,20201024,10,25,10,0,TRUE,FALSE,TRUE,TRUE,FALSE,FALSE,FALSE,FALSE,FALSE,TRUE,FALSE,FALSE,FALSE,TRUE,FALSE,FALSE,TRUE,FALSE,NA,20201113,10
AL,20201103,general,12,3,20201029,5,45,5,0,FALSE,FALSE,FALSE,TRUE,FALSE,FALSE,FALSE,TRUE,FALSE,FALSE,FALSE,FALSE,TRUE,FALSE,TRUE,FALSE,TRUE,FALSE,NA,20201103,0
AR,20201103,general,NA,3,NA,NA,46,7,14,TRUE,FALSE,FALSE,FALSE,FALSE,FALSE,FALSE,TRUE,FALSE,TRUE,FALSE,FALSE,TRUE,FALSE,FALSE,FALSE,FALSE,FALSE,NA,20201103,0
AZ,20201103,general,13,2,20201023,11,24,11,0,TRUE,FALSE,TRUE,TRUE,FALSE,FALSE,FALSE,FALSE,TRUE,TRUE,TRUE,FALSE,FALSE,FALSE,FALSE,FALSE,FALSE,FALSE,NA,20201103,0
CA,20201103,general,13,1,NA,NA,31,7,0,TRUE,FALSE,TRUE,TRUE,TRUE,FALSE,TRUE,FALSE,FALSE,FALSE,TRUE,FALSE,FALSE,TRUE,FALSE,FALSE,FALSE,FALSE,NA,20201106,3
CO,20201103,general,12,2,NA,NA,22,NA,7,TRUE,TRUE,TRUE,TRUE,TRUE,FALSE,TRUE,FALSE,FALSE,FALSE,FALSE,FALSE,FALSE,FALSE,FALSE,FALSE,FALSE,FALSE,NA,20201103,0
CT,20201103,general,14,2,20201102,1,31,1,0,FALSE,FALSE,FALSE,TRUE,TRUE,FALSE,FALSE,TRUE,FALSE,TRUE,FALSE,FALSE,FALSE,FALSE,FALSE,TRUE,FALSE,FALSE,NA,20201103,0
DC,20201103,general,NA,NA,NA,NA,NA,7,13,NA,FALSE,TRUE,NA,NA,FALSE,TRUE,FALSE,TRUE,TRUE,TRUE,FALSE,FALSE,TRUE,FALSE,FALSE,FALSE,FALSE,NA,20201110,7
DE,20201103,general,13,2,NA,NA,45,1,0,FALSE,FALSE,FALSE,TRUE,FALSE,FALSE,FALSE,FALSE,TRUE,TRUE,FALSE,FALSE,FALSE,FALSE,FALSE,TRUE,FALSE,FALSE,NA,20201103,0
FL,20201103,general,12,3,NA,NA,33,10,7,TRUE,FALSE,TRUE,TRUE,FALSE,FALSE,FALSE,FALSE,TRUE,TRUE,FALSE,FALSE,FALSE,FALSE,FALSE,FALSE,FALSE,FALSE,NA,20201103,0
GA,20201103,general,12,3,20201030,4,45,4,18,TRUE,FALSE,TRUE,TRUE,FALSE,FALSE,FALSE,FALSE,FALSE,TRUE,FALSE,FALSE,FALSE,FALSE,FALSE,FALSE,FALSE,FALSE,NA,20201103,0
HI,20201103,general,11,2,NA,NA,20,NA,13,TRUE,TRUE,TRUE,TRUE,TRUE,FALSE,TRUE,FALSE,FALSE,FALSE,FALSE,FALSE,FALSE,FALSE,FALSE,FALSE,FALSE,FALSE,NA,20201103,0
IA,20201103,general,14,3,20201024,10,28,11,0,TRUE,FALSE,TRUE,TRUE,TRUE,FALSE,FALSE,FALSE,FALSE,FALSE,FALSE,FALSE,FALSE,TRUE,FALSE,FALSE,FALSE,TRUE,NA,20201103,0
ID,20201103,general,12,3,NA,NA,45,11,0,TRUE,FALSE,TRUE,TRUE,TRUE,FALSE,FALSE,FALSE,TRUE,TRUE,FALSE,FALSE,FALSE,FALSE,FALSE,FALSE,FALSE,FALSE,NA,20201103,0
IL,20201103,general,13,1,NA,NA,40,5,0,TRUE,FALSE,TRUE,TRUE,TRUE,FALSE,FALSE,FALSE,FALSE,FALSE,FALSE,FALSE,FALSE,TRUE,FALSE,FALSE,FALSE,FALSE,NA,20201117,14
IN,20201103,general,12,3,20201022,12,45,12,0,TRUE,FALSE,FALSE,TRUE,FALSE,FALSE,FALSE,TRUE,FALSE,TRUE,FALSE,FALSE,FALSE,FALSE,TRUE,FALSE,FALSE,FALSE,NA,20201103,0
KS,20201103,general,12,3,NA,NA,20,7,19,TRUE,FALSE,TRUE,TRUE,FALSE,FALSE,FALSE,FALSE,FALSE,FALSE,FALSE,FALSE,FALSE,TRUE,FALSE,TRUE,FALSE,FALSE,NA,20201106,3
KY,20201103,general,12,2,NA,NA,50,7,20,FALSE,FALSE,FALSE,TRUE,FALSE,FALSE,FALSE,TRUE,FALSE,FALSE,FALSE,FALSE,FALSE,FALSE,TRUE,FALSE,FALSE,FALSE,NA,20201103,0
LA,20201103,general,14,3,NA,NA,45,4,8,TRUE,FALSE,FALSE,TRUE,FALSE,FALSE,FALSE,TRUE,TRUE,TRUE,FALSE,TRUE,FALSE,FALSE,FALSE,TRUE,TRUE,FALSE,NA,20201102,-1
MA,20201103,general,13,1,20201028,6,21,4,13,TRUE,FALSE,FALSE,TRUE,FALSE,FALSE,FALSE,TRUE,FALSE,TRUE,FALSE,FALSE,FALSE,FALSE,FALSE,FALSE,FALSE,FALSE,NA,20201103,0
MD,20201103,general,13,1,20201020,14,40,7,7,TRUE,FALSE,TRUE,TRUE,TRUE,FALSE,FALSE,FALSE,TRUE,TRUE,FALSE,FALSE,FALSE,TRUE,FALSE,FALSE,FALSE,FALSE,NA,20201103,0
ME,20201103,general,14,1,NA,NA,30,5,0,TRUE,FALSE,TRUE,FALSE,TRUE,FALSE,FALSE,FALSE,TRUE,FALSE,FALSE,FALSE,FALSE,FALSE,FALSE,FALSE,FALSE,FALSE,NA,20201103,0
MI,20201103,general,13,NA,NA,NA,45,4,0,TRUE,FALSE,TRUE,TRUE,TRUE,FALSE,FALSE,FALSE,FALSE,TRUE,FALSE,FALSE,FALSE,FALSE,FALSE,FALSE,FALSE,FALSE,NA,20201103,0
MN,20201103,general,13,1,20201102,1,46,1,0,TRUE,FALSE,TRUE,TRUE,TRUE,FALSE,FALSE,FALSE,TRUE,TRUE,TRUE,FALSE,FALSE,FALSE,FALSE,FALSE,FALSE,FALSE,NA,20201103,0
MO,20201103,general,13,2,NA,NA,42,13,0,FALSE,FALSE,FALSE,TRUE,FALSE,FALSE,FALSE,FALSE,FALSE,TRUE,FALSE,FALSE,FALSE,FALSE,FALSE,FALSE,TRUE,FALSE,NA,20201103,0
MS,20201103,general,12,3,NA,NA,40,NA,0,FALSE,FALSE,FALSE,FALSE,FALSE,FALSE,FALSE,TRUE,FALSE,FALSE,FALSE,FALSE,FALSE,TRUE,FALSE,TRUE,TRUE,FALSE,NA,20201103,0
MT,20201103,general,13,2,NA,NA,25,1,0,TRUE,FALSE,TRUE,FALSE,TRUE,FALSE,FALSE,FALSE,FALSE,TRUE,TRUE,FALSE,FALSE,FALSE,FALSE,FALSE,FALSE,FALSE,NA,20201103,0
NC,20201103,general,NA,1,20201027,7,60,7,16,TRUE,FALSE,TRUE,FALSE,TRUE,FALSE,FALSE,FALSE,FALSE,TRUE,FALSE,FALSE,FALSE,TRUE,FALSE,FALSE,TRUE,FALSE,NA,20201106,3
ND,20201103,general,14,2,NA,NA,40,NA,0,TRUE,FALSE,TRUE,FALSE,FALSE,FALSE,FALSE,FALSE,FALSE,TRUE,FALSE,FALSE,FALSE,TRUE,FALSE,FALSE,FALSE,TRUE,NA,20201102,-1
NE,20201103,general,12,1,NA,NA,35,11,28,TRUE,FALSE,TRUE,TRUE,FALSE,FALSE,FALSE,FALSE,FALSE,TRUE,FALSE,FALSE,FALSE,FALSE,FALSE,FALSE,FALSE,FALSE,NA,20201103,0
NH,20201103,general,NA,3,NA,NA,30,1,0,FALSE,FALSE,FALSE,FALSE,TRUE,FALSE,FALSE,TRUE,FALSE,TRUE,FALSE,FALSE,FALSE,FALSE,FALSE,FALSE,FALSE,FALSE,NA,20201103,0
NJ,20201103,general,14,1,NA,NA,45,7,0,TRUE,FALSE,TRUE,FALSE,FALSE,FALSE,TRUE,FALSE,FALSE,FALSE,TRUE,FALSE,FALSE,TRUE,FALSE,FALSE,FALSE,FALSE,NA,20201105,2
NM,20201103,general,12,1,20201020,14,22,5,14,TRUE,FALSE,TRUE,TRUE,TRUE,FALSE,FALSE,FALSE,TRUE,FALSE,FALSE,FALSE,FALSE,FALSE,FALSE,FALSE,FALSE,FALSE,NA,20201103,0
NV,20201103,general,12,1,NA,NA,20,7,13,TRUE,FALSE,TRUE,TRUE,TRUE,FALSE,TRUE,FALSE,FALSE,TRUE,FALSE,TRUE,FALSE,TRUE,FALSE,TRUE,FALSE,FALSE,NA,20201103,0
NY,20201103,general,NA,1,NA,NA,32,7,8,TRUE,FALSE,FALSE,TRUE,FALSE,FALSE,FALSE,TRUE,FALSE,TRUE,FALSE,FALSE,FALSE,TRUE,TRUE,TRUE,FALSE,TRUE,NA,20201110,7
OH,20201103,general,NA,2,NA,NA,29,3,0,TRUE,FALSE,TRUE,TRUE,FALSE,FALSE,FALSE,FALSE,FALSE,FALSE,FALSE,FALSE,FALSE,TRUE,FALSE,FALSE,FALSE,TRUE,NA,20201113,10
OK,20201103,general,12,2,NA,NA,45,7,2,TRUE,FALSE,TRUE,TRUE,FALSE,FALSE,FALSE,FALSE,TRUE,TRUE,FALSE,FALSE,FALSE,FALSE,FALSE,FALSE,TRUE,FALSE,NA,20201103,0
OR,20201103,general,NA,NA,NA,NA,20,NA,NA,NA,NA,NA,NA,NA,NA,NA,NA,FALSE,FALSE,NA,NA,NA,NA,NA,NA,NA,NA,NA,20201103,0
CT,20200811,primary,14,2,20201102,1,31,1,0,FALSE,FALSE,FALSE,TRUE,TRUE,FALSE,FALSE,TRUE,FALSE,TRUE,FALSE,FALSE,FALSE,FALSE,FALSE,TRUE,FALSE,FALSE,NA,20200811,0
LA,20200711,primary,14,3,NA,NA,45,4,8,TRUE,FALSE,FALSE,TRUE,FALSE,FALSE,FALSE,TRUE,TRUE,TRUE,FALSE,TRUE,FALSE,FALSE,FALSE,TRUE,TRUE,FALSE,NA,20200710,-1
DE,20200707,primary,13,2,NA,NA,45,1,0,FALSE,FALSE,FALSE,TRUE,FALSE,FALSE,FALSE,FALSE,TRUE,TRUE,FALSE,FALSE,FALSE,FALSE,FALSE,TRUE,FALSE,FALSE,NA,20200707,0
NJ,20200707,primary,14,1,NA,NA,45,7,0,TRUE,FALSE,TRUE,FALSE,FALSE,FALSE,TRUE,FALSE,FALSE,FALSE,TRUE,FALSE,FALSE,TRUE,FALSE,FALSE,FALSE,FALSE,NA,20200709,2
KY,20200623,primary,12,2,NA,NA,50,7,20,FALSE,FALSE,FALSE,TRUE,FALSE,FALSE,FALSE,TRUE,FALSE,FALSE,FALSE,FALSE,FALSE,FALSE,TRUE,FALSE,FALSE,FALSE,NA,20200623,0
NY,20200623,primary,NA,1,NA,NA,32,7,8,TRUE,FALSE,FALSE,TRUE,FALSE,FALSE,FALSE,TRUE,FALSE,TRUE,FALSE,FALSE,FALSE,TRUE,TRUE,TRUE,FALSE,TRUE,NA,20200630,7
GA,20200609,primary,12,3,20201030,4,45,4,18,TRUE,FALSE,TRUE,TRUE,FALSE,FALSE,FALSE,FALSE,FALSE,TRUE,FALSE,FALSE,FALSE,FALSE,FALSE,FALSE,FALSE,FALSE,NA,20200609,0
DC,20200602,primary,NA,NA,NA,NA,NA,7,13,NA,FALSE,TRUE,NA,NA,FALSE,TRUE,FALSE,TRUE,TRUE,TRUE,FALSE,FALSE,TRUE,FALSE,FALSE,FALSE,FALSE,NA,20200609,7
IN,20200602,primary,12,3,20201022,12,45,12,0,TRUE,FALSE,FALSE,TRUE,FALSE,FALSE,FALSE,TRUE,FALSE,TRUE,FALSE,FALSE,FALSE,FALSE,TRUE,FALSE,FALSE,FALSE,NA,20200602,0
MD,20200602,primary,13,1,20201020,14,40,7,7,TRUE,FALSE,TRUE,TRUE,TRUE,FALSE,FALSE,FALSE,TRUE,TRUE,FALSE,FALSE,FALSE,TRUE,FALSE,FALSE,FALSE,FALSE,NA,20200602,0
MT,20200602,primary,13,2,NA,NA,25,1,0,TRUE,FALSE,TRUE,FALSE,TRUE,FALSE,FALSE,FALSE,FALSE,TRUE,TRUE,FALSE,FALSE,FALSE,FALSE,FALSE,FALSE,FALSE,NA,20200602,0
NM,20200602,primary,12,1,20201020,14,22,5,14,TRUE,FALSE,TRUE,TRUE,TRUE,FALSE,FALSE,FALSE,TRUE,FALSE,FALSE,FALSE,FALSE,FALSE,FALSE,FALSE,FALSE,FALSE,NA,20200602,0
HI,20200522,primary,11,2,NA,NA,20,NA,13,TRUE,TRUE,TRUE,TRUE,TRUE,FALSE,TRUE,FALSE,FALSE,FALSE,FALSE,FALSE,FALSE,FALSE,FALSE,FALSE,FALSE,FALSE,NA,20200522,0
OR,20200519,primary,NA,NA,NA,NA,20,NA,NA,NA,NA,NA,NA,NA,NA,NA,NA,FALSE,FALSE,NA,NA,NA,NA,NA,NA,NA,NA,NA,20200519,0
NE,20200512,primary,12,1,NA,NA,35,11,28,TRUE,FALSE,TRUE,TRUE,FALSE,FALSE,FALSE,FALSE,FALSE,TRUE,FALSE,FALSE,FALSE,FALSE,FALSE,FALSE,FALSE,FALSE,NA,20200512,0
KS,20200502,primary,12,3,NA,NA,20,7,19,TRUE,FALSE,TRUE,TRUE,FALSE,FALSE,FALSE,FALSE,FALSE,FALSE,FALSE,FALSE,FALSE,TRUE,FALSE,TRUE,FALSE,FALSE,NA,20200505,3
OH,20200428,primary,NA,2,NA,NA,29,3,0,TRUE,FALSE,TRUE,TRUE,FALSE,FALSE,FALSE,FALSE,FALSE,FALSE,FALSE,FALSE,FALSE,TRUE,FALSE,FALSE,FALSE,TRUE,NA,20200508,10
AK,20200410,primary,13,2,20201024,10,25,10,0,TRUE,FALSE,TRUE,TRUE,FALSE,FALSE,FALSE,FALSE,FALSE,TRUE,FALSE,FALSE,FALSE,TRUE,FALSE,FALSE,TRUE,FALSE,NA,20200420,10
AZ,20200317,primary,13,2,20201023,11,24,11,0,TRUE,FALSE,TRUE,TRUE,FALSE,FALSE,FALSE,FALSE,TRUE,TRUE,TRUE,FALSE,FALSE,FALSE,FALSE,FALSE,FALSE,FALSE,NA,20200317,0
FL,20200317,primary,12,3,NA,NA,33,10,7,TRUE,FALSE,TRUE,TRUE,FALSE,FALSE,FALSE,FALSE,TRUE,TRUE,FALSE,FALSE,FALSE,FALSE,FALSE,FALSE,FALSE,FALSE,NA,20200317,0
IL,20200317,primary,13,1,NA,NA,40,5,0,TRUE,FALSE,TRUE,TRUE,TRUE,FALSE,FALSE,FALSE,FALSE,FALSE,FALSE,FALSE,FALSE,TRUE,FALSE,FALSE,FALSE,FALSE,NA,20200331,14
ID,20200310,primary,12,3,NA,NA,45,11,0,TRUE,FALSE,TRUE,TRUE,TRUE,FALSE,FALSE,FALSE,TRUE,TRUE,FALSE,FALSE,FALSE,FALSE,FALSE,FALSE,FALSE,FALSE,NA,20200310,0
MI,20200310,primary,13,NA,NA,NA,45,4,0,TRUE,FALSE,TRUE,TRUE,TRUE,FALSE,FALSE,FALSE,FALSE,TRUE,FALSE,FALSE,FALSE,FALSE,FALSE,FALSE,FALSE,FALSE,NA,20200310,0
MO,20200310,primary,13,2,NA,NA,42,13,0,FALSE,FALSE,FALSE,TRUE,FALSE,FALSE,FALSE,FALSE,FALSE,TRUE,FALSE,FALSE,FALSE,FALSE,FALSE,FALSE,TRUE,FALSE,NA,20200310,0
MS,20200310,primary,12,3,NA,NA,40,NA,0,FALSE,FALSE,FALSE,FALSE,FALSE,FALSE,FALSE,TRUE,FALSE,FALSE,FALSE,FALSE,FALSE,TRUE,FALSE,TRUE,TRUE,FALSE,NA,20200310,0
ND,20200310,primary,14,2,NA,NA,40,NA,0,TRUE,FALSE,TRUE,FALSE,FALSE,FALSE,FALSE,FALSE,FALSE,TRUE,FALSE,FALSE,FALSE,TRUE,FALSE,FALSE,FALSE,TRUE,NA,20200309,-1
AL,20200303,primary,12,3,20201029,5,45,5,0,FALSE,FALSE,FALSE,TRUE,FALSE,FALSE,FALSE,TRUE,FALSE,FALSE,FALSE,FALSE,TRUE,FALSE,TRUE,FALSE,TRUE,FALSE,NA,20200303,0
AR,20200303,primary,NA,3,NA,NA,46,7,14,TRUE,FALSE,FALSE,FALSE,FALSE,FALSE,FALSE,TRUE,FALSE,TRUE,FALSE,FALSE,TRUE,FALSE,FALSE,FALSE,FALSE,FALSE,NA,20200303,0
CA,20200303,primary,13,1,NA,NA,31,7,0,TRUE,FALSE,TRUE,TRUE,TRUE,FALSE,TRUE,FALSE,FALSE,FALSE,TRUE,FALSE,FALSE,TRUE,FALSE,FALSE,FALSE,FALSE,NA,20200306,3
CO,20200303,primary,12,2,NA,NA,22,NA,7,TRUE,TRUE,TRUE,TRUE,TRUE,FALSE,TRUE,FALSE,FALSE,FALSE,FALSE,FALSE,FALSE,FALSE,FALSE,FALSE,FALSE,FALSE,NA,20200303,0
MA,20200303,primary,13,1,20201028,6,21,4,13,TRUE,FALSE,FALSE,TRUE,FALSE,FALSE,FALSE,TRUE,FALSE,TRUE,FALSE,FALSE,FALSE,FALSE,FALSE,FALSE,FALSE,FALSE,NA,20200303,0
ME,20200303,primary,14,1,NA,NA,30,5,0,TRUE,FALSE,TRUE,FALSE,TRUE,FALSE,FALSE,FALSE,TRUE,FALSE,FALSE,FALSE,FALSE,FALSE,FALSE,FALSE,FALSE,FALSE,NA,20200303,0
MN,20200303,primary,13,1,20201102,1,46,1,0,TRUE,FALSE,TRUE,TRUE,TRUE,FALSE,FALSE,FALSE,TRUE,TRUE,TRUE,FALSE,FALSE,FALSE,FALSE,FALSE,FALSE,FALSE,NA,20200303,0
NC,20200303,primary,NA,1,20201027,7,60,7,16,TRUE,FALSE,TRUE,FALSE,TRUE,FALSE,FALSE,FALSE,FALSE,TRUE,FALSE,FALSE,FALSE,TRUE,FALSE,FALSE,TRUE,FALSE,NA,20200306,3
OK,20200303,primary,12,2,NA,NA,45,7,2,TRUE,FALSE,TRUE,TRUE,FALSE,FALSE,FALSE,FALSE,TRUE,TRUE,FALSE,FALSE,FALSE,FALSE,FALSE,FALSE,TRUE,FALSE,NA,20200303,0
NV,20200222,primary,12,1,NA,NA,20,7,13,TRUE,FALSE,TRUE,TRUE,TRUE,FALSE,TRUE,FALSE,FALSE,TRUE,FALSE,TRUE,FALSE,TRUE,FALSE,TRUE,FALSE,FALSE,NA,20200222,0
NH,20200211,primary,NA,3,NA,NA,30,1,0,FALSE,FALSE,FALSE,FALSE,TRUE,FALSE,FALSE,TRUE,FALSE,TRUE,FALSE,FALSE,FALSE,FALSE,FALSE,FALSE,FALSE,FALSE,NA,20200211,0
IA,20200203,primary,14,3,20201024,10,28,11,0,TRUE,FALSE,TRUE,TRUE,TRUE,FALSE,FALSE,FALSE,FALSE,FALSE,FALSE,FALSE,FALSE,TRUE,FALSE,FALSE,FALSE,TRUE,NA,20200203,0
NJ,20191105,general,NA,NA,NA,NA,NA,NA,45,TRUE,NA,TRUE,NA,NA,NA,FALSE,NA,NA,NA,TRUE,NA,NA,NA,FALSE,NA,NA,NA,NA,NA,NA
VA,20191105,general,NA,NA,NA,NA,NA,NA,45,TRUE,NA,FALSE,NA,NA,NA,FALSE,NA,NA,NA,FALSE,NA,NA,NA,FALSE,NA,NA,NA,NA,NA,NA
AK,20181106,general,NA,NA,NA,NA,NA,NA,15,TRUE,NA,TRUE,NA,NA,NA,FALSE,NA,NA,NA,FALSE,NA,NA,NA,FALSE,NA,NA,NA,NA,NA,NA
AR,20181106,general,NA,NA,NA,NA,NA,NA,15,TRUE,NA,FALSE,NA,NA,NA,FALSE,NA,NA,NA,FALSE,NA,NA,NA,FALSE,NA,NA,NA,NA,NA,NA
AZ,20181106,general,NA,NA,NA,NA,NA,NA,27,TRUE,NA,TRUE,NA,NA,NA,FALSE,NA,NA,NA,TRUE,NA,NA,NA,FALSE,NA,NA,NA,NA,NA,NA
CA,20181106,general,NA,NA,NA,NA,NA,NA,29,TRUE,NA,TRUE,NA,NA,NA,FALSE,NA,NA,NA,TRUE,NA,NA,NA,FALSE,NA,NA,NA,NA,NA,NA
CO,20181106,general,NA,NA,NA,NA,NA,NA,0,FALSE,NA,FALSE,NA,NA,NA,TRUE,NA,NA,NA,FALSE,NA,NA,NA,FALSE,NA,NA,NA,NA,NA,NA
CT,20181106,general,NA,NA,NA,NA,NA,NA,0,FALSE,NA,FALSE,NA,NA,NA,FALSE,NA,NA,NA,FALSE,NA,NA,NA,FALSE,NA,NA,NA,NA,NA,NA
DE,20181106,general,NA,NA,NA,NA,NA,NA,0,FALSE,NA,FALSE,NA,NA,NA,FALSE,NA,NA,NA,FALSE,NA,NA,NA,FALSE,NA,NA,NA,NA,NA,NA
FL,20181106,general,NA,NA,NA,NA,NA,NA,10,TRUE,NA,TRUE,NA,NA,NA,FALSE,NA,NA,NA,FALSE,NA,NA,NA,FALSE,NA,NA,NA,NA,NA,NA
GA,20181106,general,NA,NA,NA,NA,NA,NA,22,TRUE,NA,TRUE,NA,NA,NA,FALSE,NA,NA,NA,FALSE,NA,NA,NA,FALSE,NA,NA,NA,NA,NA,NA
IA,20181106,general,NA,NA,NA,NA,NA,NA,29,TRUE,NA,TRUE,NA,NA,NA,FALSE,NA,NA,NA,FALSE,NA,NA,NA,FALSE,NA,NA,NA,NA,NA,NA
ID,20181106,general,NA,NA,NA,NA,NA,NA,15,TRUE,NA,TRUE,NA,NA,NA,FALSE,NA,NA,NA,FALSE,NA,NA,NA,FALSE,NA,NA,NA,NA,NA,NA
IL,20181106,general,NA,NA,NA,NA,NA,NA,40,TRUE,NA,TRUE,NA,NA,NA,FALSE,NA,NA,NA,FALSE,NA,NA,NA,FALSE,NA,NA,NA,NA,NA,NA
IN,20181106,general,NA,NA,NA,NA,NA,NA,27,TRUE,NA,FALSE,NA,NA,NA,FALSE,NA,NA,NA,FALSE,NA,NA,NA,FALSE,NA,NA,NA,NA,NA,NA
KS,20181106,general,NA,NA,NA,NA,NA,NA,20,TRUE,NA,TRUE,NA,NA,NA,FALSE,NA,NA,NA,FALSE,NA,NA,NA,FALSE,NA,NA,NA,NA,NA,NA
LA,20181106,general,NA,NA,NA,NA,NA,NA,14,TRUE,NA,FALSE,NA,NA,NA,FALSE,NA,NA,NA,FALSE,NA,NA,NA,FALSE,NA,NA,NA,NA,NA,NA
MA,20181106,general,NA,NA,NA,NA,NA,NA,15,TRUE,NA,FALSE,NA,NA,NA,FALSE,NA,NA,NA,FALSE,NA,NA,NA,FALSE,NA,NA,NA,NA,NA,NA
MD,20181106,general,NA,NA,NA,NA,NA,NA,12,TRUE,NA,TRUE,NA,NA,NA,FALSE,NA,NA,NA,FALSE,NA,NA,NA,FALSE,NA,NA,NA,NA,NA,NA
ME,20181106,general,NA,NA,NA,NA,NA,NA,30,TRUE,NA,TRUE,NA,NA,NA,FALSE,NA,NA,NA,FALSE,NA,NA,NA,FALSE,NA,NA,NA,NA,NA,NA
MI,20181106,general,NA,NA,NA,NA,NA,NA,0,FALSE,NA,FALSE,NA,NA,NA,FALSE,NA,NA,NA,FALSE,NA,NA,NA,FALSE,NA,NA,NA,NA,NA,NA
MN,20181106,general,NA,NA,NA,NA,NA,NA,46,TRUE,NA,TRUE,NA,NA,NA,FALSE,NA,NA,NA,TRUE,NA,NA,NA,FALSE,NA,NA,NA,NA,NA,NA
MO,20181106,general,NA,NA,NA,NA,NA,NA,0,FALSE,NA,FALSE,NA,NA,NA,FALSE,NA,NA,NA,FALSE,NA,NA,NA,FALSE,NA,NA,NA,NA,NA,NA
MT,20181106,general,NA,NA,NA,NA,NA,NA,28,TRUE,NA,TRUE,NA,NA,NA,FALSE,NA,NA,NA,TRUE,NA,NA,NA,FALSE,NA,NA,NA,NA,NA,NA
NC,20181106,general,NA,NA,NA,NA,NA,NA,20,TRUE,NA,TRUE,NA,NA,NA,FALSE,NA,NA,NA,FALSE,NA,NA,NA,FALSE,NA,NA,NA,NA,NA,NA
ND,20181106,general,NA,NA,NA,NA,NA,NA,40,TRUE,NA,TRUE,NA,NA,NA,FALSE,NA,NA,NA,FALSE,NA,NA,NA,FALSE,NA,NA,NA,NA,NA,NA
NE,20181106,general,NA,NA,NA,NA,NA,NA,28,TRUE,NA,TRUE,NA,NA,NA,FALSE,NA,NA,NA,FALSE,NA,NA,NA,FALSE,NA,NA,NA,NA,NA,NA
NJ,20181106,general,NA,NA,NA,NA,NA,NA,45,TRUE,NA,TRUE,NA,NA,NA,FALSE,NA,NA,NA,TRUE,NA,NA,NA,FALSE,NA,NA,NA,NA,NA,NA
NM,20181106,general,NA,NA,NA,NA,NA,NA,17,TRUE,NA,TRUE,NA,NA,NA,FALSE,NA,NA,NA,FALSE,NA,NA,NA,FALSE,NA,NA,NA,NA,NA,NA
NV,20181106,general,NA,NA,NA,NA,NA,NA,17,TRUE,NA,TRUE,NA,NA,NA,FALSE,NA,NA,NA,FALSE,NA,NA,NA,FALSE,NA,NA,NA,NA,NA,NA
NY,20181106,general,NA,NA,NA,NA,NA,NA,0,FALSE,NA,FALSE,NA,NA,NA,FALSE,NA,NA,NA,FALSE,NA,NA,NA,FALSE,NA,NA,NA,NA,NA,NA
OH,20181106,general,NA,NA,NA,NA,NA,NA,27,TRUE,NA,TRUE,NA,NA,NA,FALSE,NA,NA,NA,FALSE,NA,NA,NA,FALSE,NA,NA,NA,NA,NA,NA
OK,20181106,general,NA,NA,NA,NA,NA,NA,6,TRUE,NA,TRUE,NA,NA,NA,FALSE,NA,NA,NA,FALSE,NA,NA,NA,FALSE,NA,NA,NA,NA,NA,NA
OR,20181106,general,NA,NA,NA,NA,NA,NA,0,FALSE,NA,FALSE,NA,NA,NA,TRUE,NA,NA,NA,FALSE,NA,NA,NA,FALSE,NA,NA,NA,NA,NA,NA
PA,20181106,general,NA,NA,NA,NA,NA,NA,0,FALSE,NA,FALSE,NA,NA,NA,FALSE,NA,NA,NA,FALSE,NA,NA,NA,FALSE,NA,NA,NA,NA,NA,NA
RI,20181106,general,NA,NA,NA,NA,NA,NA,0,FALSE,NA,FALSE,NA,NA,NA,FALSE,NA,NA,NA,FALSE,NA,NA,NA,FALSE,NA,NA,NA,NA,NA,NA
SC,20181106,general,NA,NA,NA,NA,NA,NA,0,FALSE,NA,FALSE,NA,NA,NA,FALSE,NA,NA,NA,FALSE,NA,NA,NA,FALSE,NA,NA,NA,NA,NA,NA
SD,20181106,general,NA,NA,NA,NA,NA,NA,46,TRUE,NA,TRUE,NA,NA,NA,FALSE,NA,NA,NA,FALSE,NA,NA,NA,FALSE,NA,NA,NA,NA,NA,NA
TN,20181106,general,NA,NA,NA,NA,NA,NA,20,TRUE,NA,FALSE,NA,NA,NA,FALSE,NA,NA,NA,FALSE,NA,NA,NA,FALSE,NA,NA,NA,NA,NA,NA
TX,20181106,general,NA,NA,NA,NA,NA,NA,15,TRUE,NA,FALSE,NA,NA,NA,FALSE,NA,NA,NA,FALSE,NA,NA,NA,FALSE,NA,NA,NA,NA,NA,NA
UT,20181106,general,NA,NA,NA,NA,NA,NA,14,TRUE,NA,TRUE,NA,NA,NA,FALSE,NA,NA,NA,TRUE,NA,NA,NA,FALSE,NA,NA,NA,NA,NA,NA
VA,20181106,general,NA,NA,NA,NA,NA,NA,0,FALSE,NA,FALSE,NA,NA,NA,FALSE,NA,NA,NA,FALSE,NA,NA,NA,FALSE,NA,NA,NA,NA,NA,NA
VT,20181106,general,NA,NA,NA,NA,NA,NA,46,TRUE,NA,FALSE,NA,NA,NA,FALSE,NA,NA,NA,FALSE,NA,NA,NA,FALSE,NA,NA,NA,NA,NA,NA
WA,20181106,general,NA,NA,NA,NA,NA,NA,0,FALSE,NA,FALSE,NA,NA,NA,TRUE,NA,NA,NA,FALSE,NA,NA,NA,FALSE,NA,NA,NA,NA,NA,NA
WI,20181106,general,NA,NA,NA,NA,NA,NA,0,FALSE,NA,TRUE,NA,NA,NA,FALSE,NA,NA,NA,FALSE,NA,NA,NA,FALSE,NA,NA,NA,NA,NA,NA
WV,20181106,general,NA,NA,NA,NA,NA,NA,13,TRUE,NA,FALSE,NA,NA,NA,FALSE,NA,NA,NA,FALSE,NA,NA,NA,FALSE,NA,NA,NA,NA,NA,NA
WY,20181106,general,NA,NA,NA,NA,NA,NA,40,TRUE,NA,FALSE,NA,NA,NA,FALSE,NA,NA,NA,FALSE,NA,NA,NA,FALSE,NA,NA,NA,NA,NA,NA
AK,20161108,general,NA,NA,NA,NA,NA,NA,15,TRUE,NA,TRUE,NA,NA,NA,FALSE,NA,NA,NA,FALSE,NA,NA,NA,FALSE,NA,NA,NA,NA,NA,NA
AR,20161108,general,NA,NA,NA,NA,NA,NA,15,TRUE,NA,FALSE,NA,NA,NA,FALSE,NA,NA,NA,FALSE,NA,NA,NA,FALSE,NA,NA,NA,NA,NA,NA
AZ,20161108,general,NA,NA,NA,NA,NA,NA,27,TRUE,NA,TRUE,NA,NA,NA,FALSE,NA,NA,NA,TRUE,NA,NA,NA,FALSE,NA,NA,NA,NA,NA,NA
CA,20161108,general,NA,NA,NA,NA,NA,NA,29,TRUE,NA,TRUE,NA,NA,NA,FALSE,NA,NA,NA,TRUE,NA,NA,NA,FALSE,NA,NA,NA,NA,NA,NA
CO,20161108,general,NA,NA,NA,NA,NA,NA,0,FALSE,NA,FALSE,NA,NA,NA,TRUE,NA,NA,NA,FALSE,NA,NA,NA,FALSE,NA,NA,NA,NA,NA,NA
CT,20161108,general,NA,NA,NA,NA,NA,NA,0,FALSE,NA,FALSE,NA,NA,NA,FALSE,NA,NA,NA,FALSE,NA,NA,NA,FALSE,NA,NA,NA,NA,NA,NA
DE,20161108,general,NA,NA,NA,NA,NA,NA,0,FALSE,NA,FALSE,NA,NA,NA,FALSE,NA,NA,NA,FALSE,NA,NA,NA,FALSE,NA,NA,NA,NA,NA,NA
FL,20161108,general,NA,NA,NA,NA,NA,NA,10,TRUE,NA,TRUE,NA,NA,NA,FALSE,NA,NA,NA,FALSE,NA,NA,NA,FALSE,NA,NA,NA,NA,NA,NA
GA,20161108,general,NA,NA,NA,NA,NA,NA,22,TRUE,NA,TRUE,NA,NA,NA,FALSE,NA,NA,NA,FALSE,NA,NA,NA,FALSE,NA,NA,NA,NA,NA,NA
IA,20161108,general,NA,NA,NA,NA,NA,NA,0,FALSE,NA,TRUE,NA,NA,NA,FALSE,NA,NA,NA,FALSE,NA,NA,NA,FALSE,NA,NA,NA,NA,NA,NA
ID,20161108,general,NA,NA,NA,NA,NA,NA,0,FALSE,NA,TRUE,NA,NA,NA,FALSE,NA,NA,NA,FALSE,NA,NA,NA,FALSE,NA,NA,NA,NA,NA,NA
IL,20161108,general,NA,NA,NA,NA,NA,NA,40,TRUE,NA,TRUE,NA,NA,NA,FALSE,NA,NA,NA,FALSE,NA,NA,NA,FALSE,NA,NA,NA,NA,NA,NA
IN,20161108,general,NA,NA,NA,NA,NA,NA,0,FALSE,NA,FALSE,NA,NA,NA,FALSE,NA,NA,NA,FALSE,NA,NA,NA,FALSE,NA,NA,NA,NA,NA,NA
KS,20161108,general,NA,NA,NA,NA,NA,NA,20,TRUE,NA,TRUE,NA,NA,NA,FALSE,NA,NA,NA,FALSE,NA,NA,NA,FALSE,NA,NA,NA,NA,NA,NA
LA,20161108,general,NA,NA,NA,NA,NA,NA,14,TRUE,NA,FALSE,NA,NA,NA,FALSE,NA,NA,NA,FALSE,NA,NA,NA,FALSE,NA,NA,NA,NA,NA,NA
MA,20161108,general,NA,NA,NA,NA,NA,NA,30,TRUE,NA,FALSE,NA,NA,NA,FALSE,NA,NA,NA,FALSE,NA,NA,NA,FALSE,NA,NA,NA,NA,NA,NA
MD,20161108,general,NA,NA,NA,NA,NA,NA,12,TRUE,NA,TRUE,NA,NA,NA,FALSE,NA,NA,NA,FALSE,NA,NA,NA,FALSE,NA,NA,NA,NA,NA,NA
ME,20161108,general,NA,NA,NA,NA,NA,NA,0,FALSE,NA,TRUE,NA,NA,NA,FALSE,NA,NA,NA,FALSE,NA,NA,NA,FALSE,NA,NA,NA,NA,NA,NA
MI,20161108,general,NA,NA,NA,NA,NA,NA,0,FALSE,NA,FALSE,NA,NA,NA,FALSE,NA,NA,NA,FALSE,NA,NA,NA,FALSE,NA,NA,NA,NA,NA,NA
MN,20161108,general,NA,NA,NA,NA,NA,NA,0,FALSE,NA,TRUE,NA,NA,NA,FALSE,NA,NA,NA,TRUE,NA,NA,NA,FALSE,NA,NA,NA,NA,NA,NA
MO,20161108,general,NA,NA,NA,NA,NA,NA,0,FALSE,NA,FALSE,NA,NA,NA,FALSE,NA,NA,NA,FALSE,NA,NA,NA,FALSE,NA,NA,NA,NA,NA,NA
MT,20161108,general,NA,NA,NA,NA,NA,NA,0,FALSE,NA,TRUE,NA,NA,NA,FALSE,NA,NA,NA,TRUE,NA,NA,NA,FALSE,NA,NA,NA,NA,NA,NA
NC,20161108,general,NA,NA,NA,NA,NA,NA,19,TRUE,NA,TRUE,NA,NA,NA,FALSE,NA,NA,NA,FALSE,NA,NA,NA,FALSE,NA,NA,NA,NA,NA,NA
ND,20161108,general,NA,NA,NA,NA,NA,NA,40,TRUE,NA,TRUE,NA,NA,NA,FALSE,NA,NA,NA,FALSE,NA,NA,NA,FALSE,NA,NA,NA,NA,NA,NA
NE,20161108,general,NA,NA,NA,NA,NA,NA,32,TRUE,NA,TRUE,NA,NA,NA,FALSE,NA,NA,NA,FALSE,NA,NA,NA,FALSE,NA,NA,NA,NA,NA,NA
NH,20161108,general,NA,NA,NA,NA,NA,NA,0,FALSE,NA,FALSE,NA,NA,NA,FALSE,NA,NA,NA,FALSE,NA,NA,NA,FALSE,NA,NA,NA,NA,NA,NA
NJ,20161108,general,NA,NA,NA,NA,NA,NA,0,FALSE,NA,TRUE,NA,NA,NA,FALSE,NA,NA,NA,TRUE,NA,NA,NA,FALSE,NA,NA,NA,NA,NA,NA
NM,20161108,general,NA,NA,NA,NA,NA,NA,28,TRUE,NA,TRUE,NA,NA,NA,FALSE,NA,NA,NA,FALSE,NA,NA,NA,FALSE,NA,NA,NA,NA,NA,NA
NV,20161108,general,NA,NA,NA,NA,NA,NA,17,TRUE,NA,TRUE,NA,NA,NA,FALSE,NA,NA,NA,FALSE,NA,NA,NA,FALSE,NA,NA,NA,NA,NA,NA
NY,20161108,general,NA,NA,NA,NA,NA,NA,0,FALSE,NA,FALSE,NA,NA,NA,FALSE,NA,NA,NA,FALSE,NA,NA,NA,FALSE,NA,NA,NA,NA,NA,NA
OH,20161108,general,NA,NA,NA,NA,NA,NA,0,FALSE,NA,TRUE,NA,NA,NA,FALSE,NA,NA,NA,FALSE,NA,NA,NA,FALSE,NA,NA,NA,NA,NA,NA
OK,20161108,general,NA,NA,NA,NA,NA,NA,0,FALSE,NA,TRUE,NA,NA,NA,FALSE,NA,NA,NA,FALSE,NA,NA,NA,FALSE,NA,NA,NA,NA,NA,NA
OR,20161108,general,NA,NA,NA,NA,NA,NA,0,FALSE,NA,FALSE,NA,NA,NA,TRUE,NA,NA,NA,FALSE,NA,NA,NA,FALSE,NA,NA,NA,NA,NA,NA
PA,20161108,general,NA,NA,NA,NA,NA,NA,0,FALSE,NA,FALSE,NA,NA,NA,FALSE,NA,NA,NA,FALSE,NA,NA,NA,FALSE,NA,NA,NA,NA,NA,NA
RI,20161108,general,NA,NA,NA,NA,NA,NA,0,FALSE,NA,FALSE,NA,NA,NA,FALSE,NA,NA,NA,FALSE,NA,NA,NA,FALSE,NA,NA,NA,NA,NA,NA
SC,20161108,general,NA,NA,NA,NA,NA,NA,0,FALSE,NA,FALSE,NA,NA,NA,FALSE,NA,NA,NA,FALSE,NA,NA,NA,FALSE,NA,NA,NA,NA,NA,NA
SD,20161108,general,NA,NA,NA,NA,NA,NA,0,FALSE,NA,TRUE,NA,NA,NA,FALSE,NA,NA,NA,FALSE,NA,NA,NA,FALSE,NA,NA,NA,NA,NA,NA
TN,20161108,general,NA,NA,NA,NA,NA,NA,20,TRUE,NA,FALSE,NA,NA,NA,FALSE,NA,NA,NA,FALSE,NA,NA,NA,FALSE,NA,NA,NA,NA,NA,NA
TX,20161108,general,NA,NA,NA,NA,NA,NA,15,TRUE,NA,FALSE,NA,NA,NA,FALSE,NA,NA,NA,FALSE,NA,NA,NA,FALSE,NA,NA,NA,NA,NA,NA
UT,20161108,general,NA,NA,NA,NA,NA,NA,14,TRUE,NA,TRUE,NA,NA,NA,FALSE,NA,NA,NA,TRUE,NA,NA,NA,FALSE,NA,NA,NA,NA,NA,NA
VA,20161108,general,NA,NA,NA,NA,NA,NA,0,FALSE,NA,FALSE,NA,NA,NA,FALSE,NA,NA,NA,FALSE,NA,NA,NA,FALSE,NA,NA,NA,NA,NA,NA
VT,20161108,general,NA,NA,NA,NA,NA,NA,0,FALSE,NA,TRUE,NA,NA,NA,FALSE,NA,NA,NA,FALSE,NA,NA,NA,FALSE,NA,NA,NA,NA,NA,NA
WA,20161108,general,NA,NA,NA,NA,NA,NA,0,FALSE,NA,FALSE,NA,NA,NA,TRUE,NA,NA,NA,FALSE,NA,NA,NA,FALSE,NA,NA,NA,NA,NA,NA
WI,20161108,general,NA,NA,NA,NA,NA,NA,0,FALSE,NA,TRUE,NA,NA,NA,FALSE,NA,NA,NA,FALSE,NA,NA,NA,FALSE,NA,NA,NA,NA,NA,NA
WV,20161108,general,NA,NA,NA,NA,NA,NA,13,TRUE,NA,FALSE,NA,NA,NA,FALSE,NA,NA,NA,FALSE,NA,NA,NA,FALSE,NA,NA,NA,NA,NA,NA
WY,20161108,general,NA,NA,NA,NA,NA,NA,0,FALSE,NA,TRUE,NA,NA,NA,FALSE,NA,NA,NA,FALSE,NA,NA,NA,FALSE,NA,NA,NA,NA,NA,NA
